Search Source,Title,Description,Brand,Retailer,Source,Comments,Query,Timestamp
Perplexity,King Arthur Flour  ,"A high-quality, sturdy flour that ensures thicker cookies which hold their shape better.  ",King Arthur Flour  ,Available at specialty food stores and major supermarkets  ,https://www.trufflesandtrends.com/home/2016/6/10/12-of-my-favorite-baking-products-and-brands,Widely acclaimed for its consistency and performance in various baking recipes.,best baking ingredients,2025-04-08 23:54
Perplexity,Spectrum Refined Coconut Oil  ,A neutral-tasting refined coconut oil that adds rich texture without imparting a strong tropical flavor.  ,Spectrum  ,Found at natural food stores and online retailers  ,https://www.trufflesandtrends.com/home/2016/6/10/12-of-my-favorite-baking-products-and-brands,Ideal for recipes requiring the benefits of coconut oil without altering overall flavor profiles.,best baking ingredients,2025-04-08 23:54
Perplexity,Libby's 100% Pure Pumpkin  ,A premium pumpkin puree celebrated for its superior taste and smooth texture in baked goods.  ,Libby's  ,Readily available in most supermarkets  ,https://www.trufflesandtrends.com/home/2016/6/10/12-of-my-favorite-baking-products-and-brands,A reliable choice for recipes that rely on consistent pumpkin flavor and quality.,best baking ingredients,2025-04-08 23:54
Perplexity,Quaker Oats  ,High-quality oats that are both cost-effective and versatile for a variety of baking applications.  ,Quaker  ,Distributed widely across grocery stores  ,https://www.trufflesandtrends.com/home/2016/6/10/12-of-my-favorite-baking-products-and-brands,"Trusted for everyday baking needs, ensuring a dependable texture and flavor in recipes.",best baking ingredients,2025-04-08 23:54
Perplexity,Enjoy Life Dark Chocolate Morsels  ,Dairy-free chocolate chips with a robust 69% cacao content that provide an intense chocolate flavor.  ,Enjoy Life  ,Available at health food stores and major retailers  ,https://www.trufflesandtrends.com/home/2016/6/10/12-of-my-favorite-baking-products-and-brands,"Perfect for gluten-free and dairy-free baking, offering excellent taste and quality.",best baking ingredients,2025-04-08 23:54
Perplexity,Golden Blossom Honey  ,A premier honey that enhances sweetness and depth of flavor in baked treats without overpowering them.  ,Golden Blossom  ,Found in gourmet shops and mainstream supermarkets  ,https://www.trufflesandtrends.com/home/2016/6/10/12-of-my-favorite-baking-products-and-brands,"Recognized for its exceptional taste, making it a standout ingredient in many recipes.",best baking ingredients,2025-04-08 23:54
Perplexity,Red Star Yeast  ,"A dependable yeast that guarantees quick and consistent dough rising, enhancing the final baked product.  ",Red Star  ,Available at grocery stores and specialized baking supply shops  ,https://www.trufflesandtrends.com/home/2016/6/10/12-of-my-favorite-baking-products-and-brands,A favorite among bakers for its reliability and effectiveness in various dough formulations.,best baking ingredients,2025-04-08 23:54
Perplexity,Bob's Red Mill Coconut Sugar  ,"A finely textured coconut sugar that reduces the risk of gritty results, adding a balanced sweetness to recipes.  ",Bob's Red Mill  ,Found in health food stores and major supermarkets  ,https://www.trufflesandtrends.com/home/2016/6/10/12-of-my-favorite-baking-products-and-brands,"Praised for its smooth, powdery consistency that enhances baked goods without the need for additional processing.",best baking ingredients,2025-04-08 23:54
Perplexity,Domino Brown Sugar  ,"Brown sugar available in both dark and light variants, renowned for its excellent moisture, color, and texture.  ",Domino  ,Widely available in major grocery stores  ,https://www.trufflesandtrends.com/home/2016/6/10/12-of-my-favorite-baking-products-and-brands,"A staple in baking, trusted for delivering consistent sweetness and quality in recipes.",best baking ingredients,2025-04-08 23:54
Perplexity,Bob's Red Mill Gluten Free Rolled Oats  ,100% gluten-free rolled oats that retain the familiar taste and texture of traditional oats while ensuring purity.  ,Bob's Red Mill  ,Available at health food stores and organic markets  ,https://www.trufflesandtrends.com/home/2016/6/10/12-of-my-favorite-baking-products-and-brands,"Ideal for those with gluten sensitivities, providing a safe and delicious alternative without sacrificing flavor.",best baking ingredients,2025-04-08 23:54