Product Title,Brand,Source URL
Almond Flour,Bob's Red Mill,https://www.walmart.ca【3:9†source】
Organic Coconut Sugar,Wholesome Sweeteners,https://www.canadabakingsupplies.ca【3:0†source】
Madagascar Bourbon Vanilla Extract,Nielsen Massey,https://vanillafoodcompany.ca【3:2†source】
Baking Chocolate 70% Cocoa,Valrhona,https://www.supplies.gusta.ca【3:5†source】
Glace Cherries,Stayner Plant,https://www.madeincanadadirectory.ca【3:1†source】
Citric Acid (Anhydrous Granular),Specialty Ingredients,https://funfoods.ca【3:6†source】
Matcha Powder for Baking,Nishio Matcha,https://supplies.gusta.ca【3:5†source】
Cake Flour (Premium Blend),Robin Hood,https://www.walmart.ca【3:9†source】
Instant Yeast,Red Star,https://www.bakersandus.ca【3:4†source】
Pure Cane Sugar,Rogers,https://www.walmart.ca【3:9†source】
