Unnamed: 0,brand,long_title,short_title,description,urls,category,retail,query,timestamp,gpt-4o-search-preview_temp0_round1,gpt-4o-search-preview_temp0_round2,gpt-4o-search-preview_temp0_round3,gpt-4o-search-preview_temp0_round4,gpt-4o-search-preview_temp0_round5,gpt-4o-search-preview_temp0_round6,gpt-4o-search-preview_temp0_round7,gpt-4o-search-preview_temp0_round9,gpt-4o-search-preview_temp0_round10,gpt-4o-search-preview_temp0_round11,gpt-4o-search-preview_temp0_round13,gpt-4o-search-preview_temp0_round14,gpt-4o-search-preview_temp0_round15,gpt-4o-search-preview_temp0_round17,gpt-4o-search-preview_temp0_round19,gpt-4o-search-preview_temp0_round21,gpt-4o-search-preview_temp0_round22,gpt-4o-search-preview_temp0_round23,gpt-4o-search-preview_temp0_round26,gpt-4o-search-preview_temp0_round27,gpt-4o-search-preview_temp0_round28,gpt-4o-search-preview_temp0_round29,gpt-4o-search-preview_temp0_round30,gpt-4o-search-preview_temp0_round36,gpt-4o-search-preview_temp0_round38,gpt-4o-search-preview_temp0_round39,gpt-4o-search-preview_temp0_round40,gpt-4o-search-preview_temp0_round41,gpt-4o-search-preview_temp0_round42,gpt-4o-search-preview_temp0_round43,gpt-4o-search-preview_temp0_round44,gpt-4o-search-preview_temp0_round47,gpt-4o-search-preview_temp0_round48,gpt-4o-search-preview_temp0_round51,gpt-4o-search-preview_temp0_round52,gpt-4o-search-preview_temp0_round54,gpt-4o-search-preview_temp0_round56,gpt-4o-search-preview_temp0_round57,gpt-4o-search-preview_temp0_round58,gpt-4o-search-preview_temp0_round59,gpt-4o-search-preview_temp0_round60,gpt-4o-search-preview_temp0_round61,gpt-4o-search-preview_temp0_round62,gpt-4o-search-preview_temp0_round68,gpt-4o-search-preview_temp0_round69,gpt-4o-search-preview_temp0_round70,gpt-4o-search-preview_temp0_round71,gpt-4o-search-preview_temp0_round74,gpt-4o-search-preview_temp0_round75,gpt-4o-search-preview_temp0_round79,gpt-4o-search-preview_temp0_round80,gpt-4o-search-preview_temp0_round82,gpt-4o-search-preview_temp0_round88,gpt-4o-search-preview_temp0_round89,gpt-4o-search-preview_temp0_round90,gpt-4o-search-preview_temp0_round91,gpt-4o-search-preview_temp0_round93,gpt-4o-search-preview_temp0_round94,gpt-4o-search-preview_temp0_round96,gpt-4o-search-preview_temp0_round99,gpt-4o-search-preview_temp0_round104,gpt-4o-search-preview_temp0_round106,gpt-4o-search-preview_temp0_round107,gpt-4o-search-preview_temp0_round110,gpt-4o-search-preview_temp0_round112,gpt-4o-search-preview_temp0_round113,gpt-4o-search-preview_temp0_round114,gpt-4o-search-preview_temp0_round116,gpt-4o-search-preview_temp0_round118,gpt-4o-search-preview_temp0_round119,gpt-4o-search-preview_temp0_round122,gpt-4o-search-preview_temp0_round124,gpt-4o-search-preview_temp0_round125,gpt-4o-search-preview_temp0_round127,gpt-4o-search-preview_temp0_round129,gpt-4o-search-preview_temp0_round131,gpt-4o-search-preview_temp0_round132,gpt-4o-search-preview_temp0_round133,gpt-4o-search-preview_temp0_round137,gpt-4o-search-preview_temp0_round16,gpt-4o-search-preview_temp0_round25,gpt-4o-search-preview_temp0_round32,gpt-4o-search-preview_temp0_round33,gpt-4o-search-preview_temp0_round50,gpt-4o-search-preview_temp0_round64,gpt-4o-search-preview_temp0_round65,gpt-4o-search-preview_temp0_round72,gpt-4o-search-preview_temp0_round77,gpt-4o-search-preview_temp0_round83,gpt-4o-search-preview_temp0_round86,gpt-4o-search-preview_temp0_round87,gpt-4o-search-preview_temp0_round92,gpt-4o-search-preview_temp0_round101,gpt-4o-search-preview_temp0_round109,gpt-4o-search-preview_temp0_round111,gpt-4o-search-preview_temp0_round115,gpt-4o-search-preview_temp0_round117,gpt-4o-search-preview_temp0_round123,gpt-4o-search-preview_temp0_round126,gpt-4o-search-preview_temp0_round135,gpt-4o-search-preview_temp0_round138,gpt-4o-search-preview_temp0_round139,Mention Count,Avg Rank (Skip NaN),Avg Rank (Fill 0),Avg Rank (Fill 11),URLs count
0,Tim Hortons,"Tim Hortons Medium Roast Instant Coffee, 100% Colombian, 300g Jar",Tim Hortons Medium Roast Instant Coffee,"A well-balanced medium roast made with 100% Colombian Arabica beans, offering a smooth finish.","['https://cornercoffeestore.com/best-instant-coffees-canada/', 'https://www.amazon.ca/Best-Sellers-Instant-Coffee/zgbs/grocery/7351106011']",Instant Coffee,,"Top Ten recommended Instant Coffee in Canada. The output should be formatted as a JSON instance that conforms to the JSON schema below.

As an example, for the schema {""properties"": {""foo"": {""title"": ""Foo"", ""description"": ""a list of strings"", ""type"": ""array"", ""items"": {""type"": ""string""}}}, ""required"": [""foo""]}
the object {""foo"": [""bar"", ""baz""]} is a well-formatted instance of the schema. The object {""properties"": {""foo"": [""bar"", ""baz""]}} is not well-formatted.

Here is the output schema:
```
{""properties"": {""products"": {""title"": ""Products"", ""default"": ""A list of product as the search result."", ""type"": ""array"", ""items"": {""$ref"": ""#/definitions/Product""}}}, ""definitions"": {""Product"": {""title"": ""Product"", ""type"": ""object"", ""properties"": {""brand"": {""title"": ""Brand"", ""description"": ""the brand of the specific product, e.g. nestle"", ""type"": ""string""}, ""long_title"": {""title"": ""Long Title"", ""description"": ""the long name of the specific product, e.g. nescafe classic instant coffee"", ""type"": ""string""}, ""short_title"": {""title"": ""Short Title"", ""description"": ""the short name of the specific product, e.g. nescafe classic"", ""type"": ""string""}, ""description"": {""title"": ""Description"", ""description"": ""one sentence that best describe the product"", ""type"": ""string""}, ""rank"": {""title"": ""Rank"", ""description"": ""the integer rank of this product out of all products"", ""type"": ""integer""}, ""urls"": {""title"": ""Urls"", ""description"": ""All the referenced URLs of a blog where this product is recommended as part of a top coffee list."", ""type"": ""array"", ""items"": {""type"": ""string""}}}, ""required"": [""brand"", ""long_title"", ""short_title"", ""description"", ""rank"", ""urls""]}}}
```",2025-04-21 15:21,1.0,1.0,1.0,1.0,1.0,1.0,1.0,1.0,1.0,1.0,1.0,1.0,1.0,1.0,1.0,1.0,1.0,1.0,1.0,1.0,1.0,1.0,1.0,1.0,1.0,1.0,1.0,1.0,1.0,1.0,1.0,1.0,1.0,1.0,1.0,1.0,1.0,1.0,1.0,1.0,1.0,1.0,1.0,1.0,1.0,1.0,1.0,1.0,1.0,1.0,1.0,1.0,1.0,1.0,1.0,1.0,1.0,1.0,1.0,1.0,1.0,1.0,1.0,1.0,1.0,1.0,1.0,1.0,1.0,1.0,1.0,1.0,1.0,1.0,1.0,1.0,1.0,1.0,1.0,,,,,,,,,,,,,,,,,,,,,,,,79,1.0,0.77,3.25,2
1,Maxwell House,"Maxwell House Original Roast Instant Coffee, 150g Jar",Maxwell House Original Roast Instant Coffee,A classic medium roast known for its affordability and dependable flavor since 1892.,"['https://cornercoffeestore.com/best-instant-coffees-canada/', 'https://www.amazon.ca/Best-Sellers-Instant-Coffee/zgbs/grocery/7351106011']",Instant Coffee,,"Top Ten recommended Instant Coffee in Canada. The output should be formatted as a JSON instance that conforms to the JSON schema below.

As an example, for the schema {""properties"": {""foo"": {""title"": ""Foo"", ""description"": ""a list of strings"", ""type"": ""array"", ""items"": {""type"": ""string""}}}, ""required"": [""foo""]}
the object {""foo"": [""bar"", ""baz""]} is a well-formatted instance of the schema. The object {""properties"": {""foo"": [""bar"", ""baz""]}} is not well-formatted.

Here is the output schema:
```
{""properties"": {""products"": {""title"": ""Products"", ""default"": ""A list of product as the search result."", ""type"": ""array"", ""items"": {""$ref"": ""#/definitions/Product""}}}, ""definitions"": {""Product"": {""title"": ""Product"", ""type"": ""object"", ""properties"": {""brand"": {""title"": ""Brand"", ""description"": ""the brand of the specific product, e.g. nestle"", ""type"": ""string""}, ""long_title"": {""title"": ""Long Title"", ""description"": ""the long name of the specific product, e.g. nescafe classic instant coffee"", ""type"": ""string""}, ""short_title"": {""title"": ""Short Title"", ""description"": ""the short name of the specific product, e.g. nescafe classic"", ""type"": ""string""}, ""description"": {""title"": ""Description"", ""description"": ""one sentence that best describe the product"", ""type"": ""string""}, ""rank"": {""title"": ""Rank"", ""description"": ""the integer rank of this product out of all products"", ""type"": ""integer""}, ""urls"": {""title"": ""Urls"", ""description"": ""All the referenced URLs of a blog where this product is recommended as part of a top coffee list."", ""type"": ""array"", ""items"": {""type"": ""string""}}}, ""required"": [""brand"", ""long_title"", ""short_title"", ""description"", ""rank"", ""urls""]}}}
```",2025-04-21 15:21,2.0,2.0,2.0,2.0,2.0,2.0,2.0,2.0,2.0,2.0,2.0,2.0,2.0,2.0,2.0,2.0,2.0,2.0,2.0,2.0,2.0,2.0,2.0,2.0,2.0,2.0,2.0,2.0,2.0,2.0,2.0,2.0,2.0,2.0,2.0,2.0,2.0,2.0,2.0,2.0,2.0,2.0,2.0,2.0,2.0,2.0,2.0,2.0,2.0,2.0,2.0,2.0,2.0,2.0,2.0,2.0,2.0,2.0,2.0,2.0,2.0,2.0,2.0,2.0,2.0,2.0,2.0,2.0,2.0,2.0,2.0,2.0,2.0,2.0,2.0,2.0,2.0,2.0,2.0,2.0,2.0,2.0,2.0,2.0,2.0,2.0,2.0,5.0,2.0,3.0,3.0,3.0,2.0,2.0,2.0,2.0,2.0,5.0,2.0,2.0,2.0,2.0,102,2.09,2.09,2.09,2
2,Starbucks,"Starbucks Via Instant True North Blend Blonde Roast Coffee, 8 Count",Starbucks Via Instant True North Blend,"A mellow blonde roast made from 100% Arabica beans, offering a smooth and light coffee experience.","['https://cornercoffeestore.com/best-instant-coffees-canada/', 'https://www.amazon.ca/Best-Sellers-Instant-Coffee/zgbs/grocery/7351106011']",Instant Coffee,,"Top Ten recommended Instant Coffee in Canada. The output should be formatted as a JSON instance that conforms to the JSON schema below.

As an example, for the schema {""properties"": {""foo"": {""title"": ""Foo"", ""description"": ""a list of strings"", ""type"": ""array"", ""items"": {""type"": ""string""}}}, ""required"": [""foo""]}
the object {""foo"": [""bar"", ""baz""]} is a well-formatted instance of the schema. The object {""properties"": {""foo"": [""bar"", ""baz""]}} is not well-formatted.

Here is the output schema:
```
{""properties"": {""products"": {""title"": ""Products"", ""default"": ""A list of product as the search result."", ""type"": ""array"", ""items"": {""$ref"": ""#/definitions/Product""}}}, ""definitions"": {""Product"": {""title"": ""Product"", ""type"": ""object"", ""properties"": {""brand"": {""title"": ""Brand"", ""description"": ""the brand of the specific product, e.g. nestle"", ""type"": ""string""}, ""long_title"": {""title"": ""Long Title"", ""description"": ""the long name of the specific product, e.g. nescafe classic instant coffee"", ""type"": ""string""}, ""short_title"": {""title"": ""Short Title"", ""description"": ""the short name of the specific product, e.g. nescafe classic"", ""type"": ""string""}, ""description"": {""title"": ""Description"", ""description"": ""one sentence that best describe the product"", ""type"": ""string""}, ""rank"": {""title"": ""Rank"", ""description"": ""the integer rank of this product out of all products"", ""type"": ""integer""}, ""urls"": {""title"": ""Urls"", ""description"": ""All the referenced URLs of a blog where this product is recommended as part of a top coffee list."", ""type"": ""array"", ""items"": {""type"": ""string""}}}, ""required"": [""brand"", ""long_title"", ""short_title"", ""description"", ""rank"", ""urls""]}}}
```",2025-04-21 15:21,3.0,3.0,3.0,3.0,3.0,3.0,3.0,3.0,3.0,3.0,3.0,3.0,3.0,3.0,3.0,3.0,3.0,3.0,3.0,3.0,3.0,3.0,3.0,3.0,3.0,3.0,3.0,3.0,3.0,3.0,3.0,3.0,3.0,3.0,3.0,3.0,3.0,3.0,3.0,3.0,3.0,3.0,3.0,3.0,3.0,3.0,3.0,3.0,3.0,3.0,3.0,3.0,3.0,3.0,3.0,3.0,3.0,3.0,3.0,3.0,3.0,3.0,3.0,3.0,3.0,3.0,3.0,3.0,3.0,3.0,3.0,3.0,3.0,3.0,3.0,3.0,3.0,3.0,3.0,,,,,,,,,,,,,,,,,,,,,,,,79,3.0,2.32,4.8,2
3,Nescafé,"Nescafé Gold Espresso Instant Coffee, 200g",Nescafé Gold Espresso Instant Coffee,"Made with 100% Arabica beans, this instant coffee produces a rich crema, suitable for espresso and Americano.","['https://cornercoffeestore.com/best-instant-coffees-canada/', 'https://www.amazon.ca/Best-Sellers-Instant-Coffee/zgbs/grocery/7351106011']",Instant Coffee,,"Top Ten recommended Instant Coffee in Canada. The output should be formatted as a JSON instance that conforms to the JSON schema below.

As an example, for the schema {""properties"": {""foo"": {""title"": ""Foo"", ""description"": ""a list of strings"", ""type"": ""array"", ""items"": {""type"": ""string""}}}, ""required"": [""foo""]}
the object {""foo"": [""bar"", ""baz""]} is a well-formatted instance of the schema. The object {""properties"": {""foo"": [""bar"", ""baz""]}} is not well-formatted.

Here is the output schema:
```
{""properties"": {""products"": {""title"": ""Products"", ""default"": ""A list of product as the search result."", ""type"": ""array"", ""items"": {""$ref"": ""#/definitions/Product""}}}, ""definitions"": {""Product"": {""title"": ""Product"", ""type"": ""object"", ""properties"": {""brand"": {""title"": ""Brand"", ""description"": ""the brand of the specific product, e.g. nestle"", ""type"": ""string""}, ""long_title"": {""title"": ""Long Title"", ""description"": ""the long name of the specific product, e.g. nescafe classic instant coffee"", ""type"": ""string""}, ""short_title"": {""title"": ""Short Title"", ""description"": ""the short name of the specific product, e.g. nescafe classic"", ""type"": ""string""}, ""description"": {""title"": ""Description"", ""description"": ""one sentence that best describe the product"", ""type"": ""string""}, ""rank"": {""title"": ""Rank"", ""description"": ""the integer rank of this product out of all products"", ""type"": ""integer""}, ""urls"": {""title"": ""Urls"", ""description"": ""All the referenced URLs of a blog where this product is recommended as part of a top coffee list."", ""type"": ""array"", ""items"": {""type"": ""string""}}}, ""required"": [""brand"", ""long_title"", ""short_title"", ""description"", ""rank"", ""urls""]}}}
```",2025-04-21 15:21,4.0,4.0,4.0,4.0,4.0,4.0,4.0,4.0,4.0,4.0,4.0,4.0,4.0,4.0,4.0,4.0,4.0,4.0,4.0,4.0,4.0,4.0,4.0,4.0,4.0,4.0,4.0,4.0,4.0,4.0,4.0,4.0,4.0,4.0,4.0,4.0,4.0,4.0,4.0,4.0,4.0,4.0,4.0,4.0,4.0,4.0,4.0,4.0,4.0,4.0,4.0,4.0,4.0,4.0,4.0,4.0,4.0,4.0,4.0,4.0,4.0,4.0,4.0,4.0,4.0,4.0,4.0,4.0,4.0,4.0,4.0,4.0,4.0,4.0,4.0,4.0,4.0,4.0,4.0,,,,,,,,,,,,,,,,,,,,,,,,79,4.0,3.1,5.58,2
4,Nescafé,"Nescafé Rich Instant Coffee, Dark Roast Coffee, With 100% Natural Coffee Beans - 170g Jar, 3 Count",Nescafé Rich Instant Coffee,"A well-priced dark roast supporting sustainable farming, offering a rich medium-roast flavor.","['https://cornercoffeestore.com/best-instant-coffees-canada/', 'https://www.bestchoices.com/instant-coffee']",Instant Coffee,,"Top Ten recommended Instant Coffee in Canada. The output should be formatted as a JSON instance that conforms to the JSON schema below.

As an example, for the schema {""properties"": {""foo"": {""title"": ""Foo"", ""description"": ""a list of strings"", ""type"": ""array"", ""items"": {""type"": ""string""}}}, ""required"": [""foo""]}
the object {""foo"": [""bar"", ""baz""]} is a well-formatted instance of the schema. The object {""properties"": {""foo"": [""bar"", ""baz""]}} is not well-formatted.

Here is the output schema:
```
{""properties"": {""products"": {""title"": ""Products"", ""default"": ""A list of product as the search result."", ""type"": ""array"", ""items"": {""$ref"": ""#/definitions/Product""}}}, ""definitions"": {""Product"": {""title"": ""Product"", ""type"": ""object"", ""properties"": {""brand"": {""title"": ""Brand"", ""description"": ""the brand of the specific product, e.g. nestle"", ""type"": ""string""}, ""long_title"": {""title"": ""Long Title"", ""description"": ""the long name of the specific product, e.g. nescafe classic instant coffee"", ""type"": ""string""}, ""short_title"": {""title"": ""Short Title"", ""description"": ""the short name of the specific product, e.g. nescafe classic"", ""type"": ""string""}, ""description"": {""title"": ""Description"", ""description"": ""one sentence that best describe the product"", ""type"": ""string""}, ""rank"": {""title"": ""Rank"", ""description"": ""the integer rank of this product out of all products"", ""type"": ""integer""}, ""urls"": {""title"": ""Urls"", ""description"": ""All the referenced URLs of a blog where this product is recommended as part of a top coffee list."", ""type"": ""array"", ""items"": {""type"": ""string""}}}, ""required"": [""brand"", ""long_title"", ""short_title"", ""description"", ""rank"", ""urls""]}}}
```",2025-04-21 15:21,5.0,5.0,5.0,5.0,5.0,5.0,5.0,5.0,5.0,5.0,5.0,5.0,5.0,5.0,5.0,5.0,5.0,5.0,5.0,5.0,5.0,5.0,5.0,5.0,5.0,5.0,5.0,5.0,5.0,5.0,5.0,5.0,5.0,5.0,5.0,5.0,5.0,5.0,5.0,5.0,5.0,5.0,5.0,5.0,5.0,5.0,5.0,5.0,5.0,5.0,5.0,5.0,5.0,5.0,5.0,5.0,5.0,5.0,5.0,5.0,5.0,5.0,5.0,5.0,5.0,5.0,5.0,5.0,5.0,5.0,5.0,5.0,5.0,5.0,5.0,5.0,5.0,5.0,5.0,,,,,,,,,,,,,,,,,,,,,,,,79,5.0,3.87,6.35,2
5,Starbucks,Starbucks Medium Roast Premium Instant Coffee 90 g,Starbucks Medium Roast Premium Instant Coffee,"Micro-ground for a rich and full-bodied flavor, perfect for a premium coffee experience on the go.","['https://cornercoffeestore.com/best-instant-coffees-canada/', 'https://www.amazon.ca/Best-Sellers-Instant-Coffee/zgbs/grocery/7351106011']",Instant Coffee,,"Top Ten recommended Instant Coffee in Canada. The output should be formatted as a JSON instance that conforms to the JSON schema below.

As an example, for the schema {""properties"": {""foo"": {""title"": ""Foo"", ""description"": ""a list of strings"", ""type"": ""array"", ""items"": {""type"": ""string""}}}, ""required"": [""foo""]}
the object {""foo"": [""bar"", ""baz""]} is a well-formatted instance of the schema. The object {""properties"": {""foo"": [""bar"", ""baz""]}} is not well-formatted.

Here is the output schema:
```
{""properties"": {""products"": {""title"": ""Products"", ""default"": ""A list of product as the search result."", ""type"": ""array"", ""items"": {""$ref"": ""#/definitions/Product""}}}, ""definitions"": {""Product"": {""title"": ""Product"", ""type"": ""object"", ""properties"": {""brand"": {""title"": ""Brand"", ""description"": ""the brand of the specific product, e.g. nestle"", ""type"": ""string""}, ""long_title"": {""title"": ""Long Title"", ""description"": ""the long name of the specific product, e.g. nescafe classic instant coffee"", ""type"": ""string""}, ""short_title"": {""title"": ""Short Title"", ""description"": ""the short name of the specific product, e.g. nescafe classic"", ""type"": ""string""}, ""description"": {""title"": ""Description"", ""description"": ""one sentence that best describe the product"", ""type"": ""string""}, ""rank"": {""title"": ""Rank"", ""description"": ""the integer rank of this product out of all products"", ""type"": ""integer""}, ""urls"": {""title"": ""Urls"", ""description"": ""All the referenced URLs of a blog where this product is recommended as part of a top coffee list."", ""type"": ""array"", ""items"": {""type"": ""string""}}}, ""required"": [""brand"", ""long_title"", ""short_title"", ""description"", ""rank"", ""urls""]}}}
```",2025-04-21 15:21,6.0,6.0,6.0,6.0,6.0,6.0,6.0,6.0,6.0,6.0,6.0,6.0,6.0,6.0,6.0,6.0,6.0,6.0,6.0,6.0,6.0,6.0,6.0,6.0,6.0,6.0,6.0,6.0,6.0,6.0,6.0,6.0,6.0,6.0,6.0,6.0,6.0,6.0,6.0,6.0,6.0,6.0,6.0,6.0,6.0,6.0,6.0,6.0,6.0,6.0,6.0,6.0,6.0,6.0,6.0,6.0,6.0,6.0,6.0,6.0,6.0,6.0,6.0,6.0,6.0,6.0,6.0,6.0,6.0,6.0,6.0,6.0,6.0,6.0,6.0,6.0,6.0,6.0,6.0,,,,,,,,,,,,,,,,,,,,,,,,79,6.0,4.65,7.13,2
6,VitaCup,VitaCup Perfect Low Acid Instant Coffee Packets,VitaCup Low Acid Instant Coffee,"A low-acid instant coffee ideal for those with sensitive stomachs, offering a smooth and gentle coffee experience.",['https://cornercoffeestore.com/best-instant-coffees-canada/'],Instant Coffee,,"Top Ten recommended Instant Coffee in Canada. The output should be formatted as a JSON instance that conforms to the JSON schema below.

As an example, for the schema {""properties"": {""foo"": {""title"": ""Foo"", ""description"": ""a list of strings"", ""type"": ""array"", ""items"": {""type"": ""string""}}}, ""required"": [""foo""]}
the object {""foo"": [""bar"", ""baz""]} is a well-formatted instance of the schema. The object {""properties"": {""foo"": [""bar"", ""baz""]}} is not well-formatted.

Here is the output schema:
```
{""properties"": {""products"": {""title"": ""Products"", ""default"": ""A list of product as the search result."", ""type"": ""array"", ""items"": {""$ref"": ""#/definitions/Product""}}}, ""definitions"": {""Product"": {""title"": ""Product"", ""type"": ""object"", ""properties"": {""brand"": {""title"": ""Brand"", ""description"": ""the brand of the specific product, e.g. nestle"", ""type"": ""string""}, ""long_title"": {""title"": ""Long Title"", ""description"": ""the long name of the specific product, e.g. nescafe classic instant coffee"", ""type"": ""string""}, ""short_title"": {""title"": ""Short Title"", ""description"": ""the short name of the specific product, e.g. nescafe classic"", ""type"": ""string""}, ""description"": {""title"": ""Description"", ""description"": ""one sentence that best describe the product"", ""type"": ""string""}, ""rank"": {""title"": ""Rank"", ""description"": ""the integer rank of this product out of all products"", ""type"": ""integer""}, ""urls"": {""title"": ""Urls"", ""description"": ""All the referenced URLs of a blog where this product is recommended as part of a top coffee list."", ""type"": ""array"", ""items"": {""type"": ""string""}}}, ""required"": [""brand"", ""long_title"", ""short_title"", ""description"", ""rank"", ""urls""]}}}
```",2025-04-21 15:21,7.0,,,,,,,,7.0,,,,,,,,,,,,,,,,,,,7.0,,,,,,,,,,,,,,,,,,,,,,,,,7.0,,,7.0,,,,,,,,,,,,,,,,,,,7.0,,,,,,,,,,,,,,,,,,,,,,,,,,,,6,7.0,0.41,10.76,1
7,Mount Hagen,Mount Hagen Organic Fair Trade Freeze Dried Instant Coffee,Mount Hagen Organic Instant Coffee,An organic and fair-trade medium roast made from 100% Arabica beans sourced from high-altitude farms.,['https://cornercoffeestore.com/best-instant-coffees-canada/'],Instant Coffee,,"Top Ten recommended Instant Coffee in Canada. The output should be formatted as a JSON instance that conforms to the JSON schema below.

As an example, for the schema {""properties"": {""foo"": {""title"": ""Foo"", ""description"": ""a list of strings"", ""type"": ""array"", ""items"": {""type"": ""string""}}}, ""required"": [""foo""]}
the object {""foo"": [""bar"", ""baz""]} is a well-formatted instance of the schema. The object {""properties"": {""foo"": [""bar"", ""baz""]}} is not well-formatted.

Here is the output schema:
```
{""properties"": {""products"": {""title"": ""Products"", ""default"": ""A list of product as the search result."", ""type"": ""array"", ""items"": {""$ref"": ""#/definitions/Product""}}}, ""definitions"": {""Product"": {""title"": ""Product"", ""type"": ""object"", ""properties"": {""brand"": {""title"": ""Brand"", ""description"": ""the brand of the specific product, e.g. nestle"", ""type"": ""string""}, ""long_title"": {""title"": ""Long Title"", ""description"": ""the long name of the specific product, e.g. nescafe classic instant coffee"", ""type"": ""string""}, ""short_title"": {""title"": ""Short Title"", ""description"": ""the short name of the specific product, e.g. nescafe classic"", ""type"": ""string""}, ""description"": {""title"": ""Description"", ""description"": ""one sentence that best describe the product"", ""type"": ""string""}, ""rank"": {""title"": ""Rank"", ""description"": ""the integer rank of this product out of all products"", ""type"": ""integer""}, ""urls"": {""title"": ""Urls"", ""description"": ""All the referenced URLs of a blog where this product is recommended as part of a top coffee list."", ""type"": ""array"", ""items"": {""type"": ""string""}}}, ""required"": [""brand"", ""long_title"", ""short_title"", ""description"", ""rank"", ""urls""]}}}
```",2025-04-21 15:21,8.0,,,8.0,,,,,8.0,,,,,,,,,,,,,,,,,,,8.0,,,8.0,,,,,,8.0,8.0,,,8.0,8.0,,,,,8.0,,,,,,8.0,,,8.0,,,,,,,,,,,8.0,,,,,,,,8.0,,8.0,,,,,,,,,,,,,,,,,,,,,,,,,,15,8.0,1.18,10.56,1
8,La Republica,La Republica Organic Decaf Instant Coffee,La Republica Organic Decaf,"An organic decaf option free from additives, offering a caffeine-free coffee experience.",['https://cornercoffeestore.com/best-instant-coffees-canada/'],Instant Coffee,,"Top Ten recommended Instant Coffee in Canada. The output should be formatted as a JSON instance that conforms to the JSON schema below.

As an example, for the schema {""properties"": {""foo"": {""title"": ""Foo"", ""description"": ""a list of strings"", ""type"": ""array"", ""items"": {""type"": ""string""}}}, ""required"": [""foo""]}
the object {""foo"": [""bar"", ""baz""]} is a well-formatted instance of the schema. The object {""properties"": {""foo"": [""bar"", ""baz""]}} is not well-formatted.

Here is the output schema:
```
{""properties"": {""products"": {""title"": ""Products"", ""default"": ""A list of product as the search result."", ""type"": ""array"", ""items"": {""$ref"": ""#/definitions/Product""}}}, ""definitions"": {""Product"": {""title"": ""Product"", ""type"": ""object"", ""properties"": {""brand"": {""title"": ""Brand"", ""description"": ""the brand of the specific product, e.g. nestle"", ""type"": ""string""}, ""long_title"": {""title"": ""Long Title"", ""description"": ""the long name of the specific product, e.g. nescafe classic instant coffee"", ""type"": ""string""}, ""short_title"": {""title"": ""Short Title"", ""description"": ""the short name of the specific product, e.g. nescafe classic"", ""type"": ""string""}, ""description"": {""title"": ""Description"", ""description"": ""one sentence that best describe the product"", ""type"": ""string""}, ""rank"": {""title"": ""Rank"", ""description"": ""the integer rank of this product out of all products"", ""type"": ""integer""}, ""urls"": {""title"": ""Urls"", ""description"": ""All the referenced URLs of a blog where this product is recommended as part of a top coffee list."", ""type"": ""array"", ""items"": {""type"": ""string""}}}, ""required"": [""brand"", ""long_title"", ""short_title"", ""description"", ""rank"", ""urls""]}}}
```",2025-04-21 15:21,9.0,,,,,,,,,,,,,,,,,,,,,,,,,,,9.0,,,,,,,,,,,,,,,,,,,,,,,,,9.0,,,9.0,,,,,,,,,,,,,,,,,,,9.0,,,,,,,,,,,,,,,,,,,,,,,,,,,,5,9.0,0.44,10.9,1
9,Alpine Start,Alpine Start Premium Instant Coffee,Alpine Start Instant Coffee,"Designed for outdoor enthusiasts, this instant coffee offers a robust and flavorful cup anywhere.",['https://cornercoffeestore.com/best-instant-coffees-canada/'],Instant Coffee,,"Top Ten recommended Instant Coffee in Canada. The output should be formatted as a JSON instance that conforms to the JSON schema below.

As an example, for the schema {""properties"": {""foo"": {""title"": ""Foo"", ""description"": ""a list of strings"", ""type"": ""array"", ""items"": {""type"": ""string""}}}, ""required"": [""foo""]}
the object {""foo"": [""bar"", ""baz""]} is a well-formatted instance of the schema. The object {""properties"": {""foo"": [""bar"", ""baz""]}} is not well-formatted.

Here is the output schema:
```
{""properties"": {""products"": {""title"": ""Products"", ""default"": ""A list of product as the search result."", ""type"": ""array"", ""items"": {""$ref"": ""#/definitions/Product""}}}, ""definitions"": {""Product"": {""title"": ""Product"", ""type"": ""object"", ""properties"": {""brand"": {""title"": ""Brand"", ""description"": ""the brand of the specific product, e.g. nestle"", ""type"": ""string""}, ""long_title"": {""title"": ""Long Title"", ""description"": ""the long name of the specific product, e.g. nescafe classic instant coffee"", ""type"": ""string""}, ""short_title"": {""title"": ""Short Title"", ""description"": ""the short name of the specific product, e.g. nescafe classic"", ""type"": ""string""}, ""description"": {""title"": ""Description"", ""description"": ""one sentence that best describe the product"", ""type"": ""string""}, ""rank"": {""title"": ""Rank"", ""description"": ""the integer rank of this product out of all products"", ""type"": ""integer""}, ""urls"": {""title"": ""Urls"", ""description"": ""All the referenced URLs of a blog where this product is recommended as part of a top coffee list."", ""type"": ""array"", ""items"": {""type"": ""string""}}}, ""required"": [""brand"", ""long_title"", ""short_title"", ""description"", ""rank"", ""urls""]}}}
```",2025-04-21 15:21,10.0,,,,,,,,,,,,,,,,,,,,,,,,,,,10.0,,,,,,,,,,,,,,,,,,,,,,,,,10.0,,,10.0,,,,,,,,,,,,,,,,,,,10.0,,,,,,,,,,,,,,,,,,,,,,,,,,,,5,10.0,0.49,10.95,1
10,McCafe,"McCafe Premium Instant Coffee Medium Roast, 100g",McCafe Premium Instant Coffee,"A medium roast with a smooth taste, hint of caramel, and a clean finish, made from 100% Rainforest Alliance Certified beans.","['https://www.bestproductscanada.com/instant-brand-coffee', 'https://www.amazon.ca/Best-Sellers-Instant-Coffee/zgbs/grocery/7351106011']",Instant Coffee,,"Top Ten recommended Instant Coffee in Canada. The output should be formatted as a JSON instance that conforms to the JSON schema below.

As an example, for the schema {""properties"": {""foo"": {""title"": ""Foo"", ""description"": ""a list of strings"", ""type"": ""array"", ""items"": {""type"": ""string""}}}, ""required"": [""foo""]}
the object {""foo"": [""bar"", ""baz""]} is a well-formatted instance of the schema. The object {""properties"": {""foo"": [""bar"", ""baz""]}} is not well-formatted.

Here is the output schema:
```
{""properties"": {""products"": {""title"": ""Products"", ""default"": ""A list of product as the search result."", ""type"": ""array"", ""items"": {""$ref"": ""#/definitions/Product""}}}, ""definitions"": {""Product"": {""title"": ""Product"", ""type"": ""object"", ""properties"": {""brand"": {""title"": ""Brand"", ""description"": ""the brand of the specific product, e.g. nestle"", ""type"": ""string""}, ""long_title"": {""title"": ""Long Title"", ""description"": ""the long name of the specific product, e.g. nescafe classic instant coffee"", ""type"": ""string""}, ""short_title"": {""title"": ""Short Title"", ""description"": ""the short name of the specific product, e.g. nescafe classic"", ""type"": ""string""}, ""description"": {""title"": ""Description"", ""description"": ""one sentence that best describe the product"", ""type"": ""string""}, ""rank"": {""title"": ""Rank"", ""description"": ""the integer rank of this product out of all products"", ""type"": ""integer""}, ""urls"": {""title"": ""Urls"", ""description"": ""All the referenced URLs of a blog where this product is recommended as part of a top coffee list."", ""type"": ""array"", ""items"": {""type"": ""string""}}}, ""required"": [""brand"", ""long_title"", ""short_title"", ""description"", ""rank"", ""urls""]}}}
```",2025-04-21 15:21,,7.0,7.0,7.0,7.0,7.0,7.0,7.0,,7.0,7.0,7.0,7.0,7.0,7.0,7.0,7.0,7.0,7.0,7.0,7.0,7.0,7.0,7.0,7.0,7.0,7.0,,7.0,7.0,7.0,7.0,7.0,7.0,7.0,7.0,7.0,7.0,7.0,7.0,7.0,7.0,7.0,7.0,7.0,7.0,7.0,7.0,7.0,7.0,7.0,7.0,,7.0,7.0,,7.0,7.0,7.0,7.0,7.0,7.0,7.0,7.0,7.0,7.0,7.0,7.0,7.0,7.0,7.0,7.0,7.0,7.0,,7.0,7.0,7.0,7.0,,,,,,,,,,,,,,,,,,,,,,,,73,7.0,5.01,8.14,2
11,illy,"illy Instant Coffee- 100% Arabica Coffee – Classico Medium Roast - Notes Of Caramel, Orange Blossom & Jasmine - Easy Preparation - Convenient Coffee Instant Format - Roasted In Italy – 95.00 g (Pack of 1)",illy Instant Coffee Classico Medium Roast,"A medium roast made from 100% Arabica beans, featuring notes of caramel, orange blossom, and jasmine, roasted in Italy.","['https://www.bestproductscanada.com/instant-brand-coffee', 'https://www.amazon.ca/Best-Sellers-Instant-Coffee/zgbs/grocery/7351106011']",Instant Coffee,,"Top Ten recommended Instant Coffee in Canada. The output should be formatted as a JSON instance that conforms to the JSON schema below.

As an example, for the schema {""properties"": {""foo"": {""title"": ""Foo"", ""description"": ""a list of strings"", ""type"": ""array"", ""items"": {""type"": ""string""}}}, ""required"": [""foo""]}
the object {""foo"": [""bar"", ""baz""]} is a well-formatted instance of the schema. The object {""properties"": {""foo"": [""bar"", ""baz""]}} is not well-formatted.

Here is the output schema:
```
{""properties"": {""products"": {""title"": ""Products"", ""default"": ""A list of product as the search result."", ""type"": ""array"", ""items"": {""$ref"": ""#/definitions/Product""}}}, ""definitions"": {""Product"": {""title"": ""Product"", ""type"": ""object"", ""properties"": {""brand"": {""title"": ""Brand"", ""description"": ""the brand of the specific product, e.g. nestle"", ""type"": ""string""}, ""long_title"": {""title"": ""Long Title"", ""description"": ""the long name of the specific product, e.g. nescafe classic instant coffee"", ""type"": ""string""}, ""short_title"": {""title"": ""Short Title"", ""description"": ""the short name of the specific product, e.g. nescafe classic"", ""type"": ""string""}, ""description"": {""title"": ""Description"", ""description"": ""one sentence that best describe the product"", ""type"": ""string""}, ""rank"": {""title"": ""Rank"", ""description"": ""the integer rank of this product out of all products"", ""type"": ""integer""}, ""urls"": {""title"": ""Urls"", ""description"": ""All the referenced URLs of a blog where this product is recommended as part of a top coffee list."", ""type"": ""array"", ""items"": {""type"": ""string""}}}, ""required"": [""brand"", ""long_title"", ""short_title"", ""description"", ""rank"", ""urls""]}}}
```",2025-04-21 15:21,,8.0,8.0,10.0,8.0,8.0,8.0,8.0,,8.0,8.0,8.0,8.0,8.0,8.0,8.0,8.0,8.0,8.0,8.0,8.0,8.0,8.0,8.0,8.0,8.0,8.0,,8.0,8.0,10.0,8.0,8.0,8.0,8.0,8.0,10.0,9.0,8.0,8.0,9.0,10.0,8.0,8.0,8.0,8.0,10.0,8.0,8.0,8.0,8.0,8.0,,8.0,8.0,,8.0,8.0,8.0,8.0,8.0,8.0,8.0,8.0,8.0,8.0,9.0,8.0,8.0,8.0,8.0,8.0,8.0,8.0,,8.0,,8.0,8.0,,,,,,,,,,,,,,,,,,,,,,,,72,8.18,5.77,9.01,2
12,Folgers,"Folgers Instant Coffee Crystals, Classic Roast, 8 Ounce",Folgers Instant Coffee Crystals,A classic medium roast instant coffee known for its rich and smooth flavor.,"['https://www.bestproductscanada.com/instant-coffee', 'https://www.amazon.ca/Best-Sellers-Instant-Coffee/zgbs/grocery/7351106011']",Instant Coffee,,"Top Ten recommended Instant Coffee in Canada. The output should be formatted as a JSON instance that conforms to the JSON schema below.

As an example, for the schema {""properties"": {""foo"": {""title"": ""Foo"", ""description"": ""a list of strings"", ""type"": ""array"", ""items"": {""type"": ""string""}}}, ""required"": [""foo""]}
the object {""foo"": [""bar"", ""baz""]} is a well-formatted instance of the schema. The object {""properties"": {""foo"": [""bar"", ""baz""]}} is not well-formatted.

Here is the output schema:
```
{""properties"": {""products"": {""title"": ""Products"", ""default"": ""A list of product as the search result."", ""type"": ""array"", ""items"": {""$ref"": ""#/definitions/Product""}}}, ""definitions"": {""Product"": {""title"": ""Product"", ""type"": ""object"", ""properties"": {""brand"": {""title"": ""Brand"", ""description"": ""the brand of the specific product, e.g. nestle"", ""type"": ""string""}, ""long_title"": {""title"": ""Long Title"", ""description"": ""the long name of the specific product, e.g. nescafe classic instant coffee"", ""type"": ""string""}, ""short_title"": {""title"": ""Short Title"", ""description"": ""the short name of the specific product, e.g. nescafe classic"", ""type"": ""string""}, ""description"": {""title"": ""Description"", ""description"": ""one sentence that best describe the product"", ""type"": ""string""}, ""rank"": {""title"": ""Rank"", ""description"": ""the integer rank of this product out of all products"", ""type"": ""integer""}, ""urls"": {""title"": ""Urls"", ""description"": ""All the referenced URLs of a blog where this product is recommended as part of a top coffee list."", ""type"": ""array"", ""items"": {""type"": ""string""}}}, ""required"": [""brand"", ""long_title"", ""short_title"", ""description"", ""rank"", ""urls""]}}}
```",2025-04-21 15:21,,9.0,9.0,,9.0,9.0,9.0,9.0,10.0,9.0,9.0,9.0,9.0,9.0,9.0,9.0,9.0,9.0,9.0,9.0,9.0,9.0,9.0,9.0,9.0,9.0,9.0,,9.0,9.0,,9.0,9.0,9.0,9.0,9.0,,10.0,9.0,9.0,10.0,,9.0,9.0,9.0,9.0,,9.0,9.0,9.0,9.0,9.0,,9.0,9.0,,9.0,9.0,9.0,9.0,9.0,9.0,9.0,9.0,9.0,9.0,10.0,9.0,9.0,9.0,9.0,9.0,9.0,9.0,,9.0,10.0,9.0,9.0,,,,,,,,,,,,,,,,,,,,,,,,69,9.07,6.14,9.7,2
13,Nabob,Nabob Full City Dark Roast Instant Coffee,Nabob Full City Dark Roast,"A dark roast instant coffee offering a bold and robust flavor, made from 100% Arabica beans.",['https://en.wikipedia.org/wiki/Nabob_%28coffee%29'],Instant Coffee,,"Top Ten recommended Instant Coffee in Canada. The output should be formatted as a JSON instance that conforms to the JSON schema below.

As an example, for the schema {""properties"": {""foo"": {""title"": ""Foo"", ""description"": ""a list of strings"", ""type"": ""array"", ""items"": {""type"": ""string""}}}, ""required"": [""foo""]}
the object {""foo"": [""bar"", ""baz""]} is a well-formatted instance of the schema. The object {""properties"": {""foo"": [""bar"", ""baz""]}} is not well-formatted.

Here is the output schema:
```
{""properties"": {""products"": {""title"": ""Products"", ""default"": ""A list of product as the search result."", ""type"": ""array"", ""items"": {""$ref"": ""#/definitions/Product""}}}, ""definitions"": {""Product"": {""title"": ""Product"", ""type"": ""object"", ""properties"": {""brand"": {""title"": ""Brand"", ""description"": ""the brand of the specific product, e.g. nestle"", ""type"": ""string""}, ""long_title"": {""title"": ""Long Title"", ""description"": ""the long name of the specific product, e.g. nescafe classic instant coffee"", ""type"": ""string""}, ""short_title"": {""title"": ""Short Title"", ""description"": ""the short name of the specific product, e.g. nescafe classic"", ""type"": ""string""}, ""description"": {""title"": ""Description"", ""description"": ""one sentence that best describe the product"", ""type"": ""string""}, ""rank"": {""title"": ""Rank"", ""description"": ""the integer rank of this product out of all products"", ""type"": ""integer""}, ""urls"": {""title"": ""Urls"", ""description"": ""All the referenced URLs of a blog where this product is recommended as part of a top coffee list."", ""type"": ""array"", ""items"": {""type"": ""string""}}}, ""required"": [""brand"", ""long_title"", ""short_title"", ""description"", ""rank"", ""urls""]}}}
```",2025-04-21 15:21,,10.0,10.0,,,,10.0,10.0,,,,10.0,10.0,10.0,10.0,,,,,,10.0,,10.0,10.0,10.0,10.0,10.0,,10.0,10.0,,10.0,,10.0,10.0,10.0,,,10.0,10.0,,,10.0,10.0,,,,,,10.0,,,,,,,,10.0,10.0,10.0,,10.0,10.0,,,,,,10.0,10.0,,10.0,,10.0,,,,10.0,10.0,3.0,4.0,3.0,3.0,3.0,3.0,3.0,4.0,,4.0,4.0,4.0,4.0,4.0,4.0,4.0,4.0,4.0,,3.0,3.0,3.0,3.0,57,7.61,4.25,9.11,1
16,Nescafé,"NESCAFÉ Taster's Choice Classic Instant Coffee, 100% Arabica Coffee - 250g Tin",NESCAFÉ Taster's Choice Classic Instant Coffee,"A classic instant coffee made from 100% Arabica beans, offering a smooth and well-balanced flavor.","['https://www.bestproductscanada.com/instant-brand-coffee', 'https://www.amazon.ca/Best-Sellers-Instant-Coffee/zgbs/grocery/7351106011']",Instant Coffee,,"Top Ten recommended Instant Coffee in Canada. The output should be formatted as a JSON instance that conforms to the JSON schema below.

As an example, for the schema {""properties"": {""foo"": {""title"": ""Foo"", ""description"": ""a list of strings"", ""type"": ""array"", ""items"": {""type"": ""string""}}}, ""required"": [""foo""]}
the object {""foo"": [""bar"", ""baz""]} is a well-formatted instance of the schema. The object {""properties"": {""foo"": [""bar"", ""baz""]}} is not well-formatted.

Here is the output schema:
```
{""properties"": {""products"": {""title"": ""Products"", ""default"": ""A list of product as the search result."", ""type"": ""array"", ""items"": {""$ref"": ""#/definitions/Product""}}}, ""definitions"": {""Product"": {""title"": ""Product"", ""type"": ""object"", ""properties"": {""brand"": {""title"": ""Brand"", ""description"": ""the brand of the specific product, e.g. nestle"", ""type"": ""string""}, ""long_title"": {""title"": ""Long Title"", ""description"": ""the long name of the specific product, e.g. nescafe classic instant coffee"", ""type"": ""string""}, ""short_title"": {""title"": ""Short Title"", ""description"": ""the short name of the specific product, e.g. nescafe classic"", ""type"": ""string""}, ""description"": {""title"": ""Description"", ""description"": ""one sentence that best describe the product"", ""type"": ""string""}, ""rank"": {""title"": ""Rank"", ""description"": ""the integer rank of this product out of all products"", ""type"": ""integer""}, ""urls"": {""title"": ""Urls"", ""description"": ""All the referenced URLs of a blog where this product is recommended as part of a top coffee list."", ""type"": ""array"", ""items"": {""type"": ""string""}}}, ""required"": [""brand"", ""long_title"", ""short_title"", ""description"", ""rank"", ""urls""]}}}
```",2025-04-21 15:21,,,,9.0,10.0,10.0,,,,10.0,10.0,,,,,10.0,10.0,10.0,10.0,10.0,,10.0,,,,,,,,,9.0,,,,,,9.0,,,,,9.0,,,10.0,10.0,9.0,10.0,10.0,,10.0,10.0,,,10.0,,10.0,,,,10.0,,,,,,,10.0,,,,,10.0,,,10.0,9.0,,,,,,,,,,,,,,,,,,,,,,,,,,28,9.79,2.69,10.67,2
17,Nescafé,"Nescafé Rich Decaf Instant Coffee, 100g",Nescafé Rich Decaf Instant Coffee,"A decaffeinated dark roast offering a rich and smooth taste, perfect for those preferring caffeine-free options.",['https://cornercoffeestore.com/best-instant-coffees-canada/'],Instant Coffee,,"Top Ten recommended Instant Coffee in Canada. The output should be formatted as a JSON instance that conforms to the JSON schema below.

As an example, for the schema {""properties"": {""foo"": {""title"": ""Foo"", ""description"": ""a list of strings"", ""type"": ""array"", ""items"": {""type"": ""string""}}}, ""required"": [""foo""]}
the object {""foo"": [""bar"", ""baz""]} is a well-formatted instance of the schema. The object {""properties"": {""foo"": [""bar"", ""baz""]}} is not well-formatted.

Here is the output schema:
```
{""properties"": {""products"": {""title"": ""Products"", ""default"": ""A list of product as the search result."", ""type"": ""array"", ""items"": {""$ref"": ""#/definitions/Product""}}}, ""definitions"": {""Product"": {""title"": ""Product"", ""type"": ""object"", ""properties"": {""brand"": {""title"": ""Brand"", ""description"": ""the brand of the specific product, e.g. nestle"", ""type"": ""string""}, ""long_title"": {""title"": ""Long Title"", ""description"": ""the long name of the specific product, e.g. nescafe classic instant coffee"", ""type"": ""string""}, ""short_title"": {""title"": ""Short Title"", ""description"": ""the short name of the specific product, e.g. nescafe classic"", ""type"": ""string""}, ""description"": {""title"": ""Description"", ""description"": ""one sentence that best describe the product"", ""type"": ""string""}, ""rank"": {""title"": ""Rank"", ""description"": ""the integer rank of this product out of all products"", ""type"": ""integer""}, ""urls"": {""title"": ""Urls"", ""description"": ""All the referenced URLs of a blog where this product is recommended as part of a top coffee list."", ""type"": ""array"", ""items"": {""type"": ""string""}}}, ""required"": [""brand"", ""long_title"", ""short_title"", ""description"", ""rank"", ""urls""]}}}
```",2025-04-21 15:21,,,,,,,,,9.0,,,,,,,,,,,,,,,,,,,,,,,,,,,,,,,,,,,,,,,,,,,,,,,,,,,,,,,,,,,,,,,,,,,,,,,,,,,,,,,,,,,,,,,,,,,,,,1,9.0,0.09,10.98,1
18,Nescafé,Nescafé Classic Instant Coffee,Nescafé Classic,A popular instant coffee brand known for its rich flavor and aroma.,['https://en.wikipedia.org/wiki/Nescaf%C3%A9'],Instant Coffee,,"Top Ten recommended Instant Coffee in Canada. The output should be formatted as a JSON instance that conforms to the JSON schema below.

As an example, for the schema {""properties"": {""foo"": {""title"": ""Foo"", ""description"": ""a list of strings"", ""type"": ""array"", ""items"": {""type"": ""string""}}}, ""required"": [""foo""]}
the object {""foo"": [""bar"", ""baz""]} is a well-formatted instance of the schema. The object {""properties"": {""foo"": [""bar"", ""baz""]}} is not well-formatted.

Here is the output schema:
```
{""properties"": {""products"": {""title"": ""Products"", ""default"": ""A list of product as the search result."", ""type"": ""array"", ""items"": {""$ref"": ""#/definitions/Product""}}}, ""definitions"": {""Product"": {""title"": ""Product"", ""type"": ""object"", ""properties"": {""brand"": {""title"": ""Brand"", ""description"": ""the brand of the specific product, e.g. nestle"", ""type"": ""string""}, ""long_title"": {""title"": ""Long Title"", ""description"": ""the long name of the specific product, e.g. nescafe classic instant coffee"", ""type"": ""string""}, ""short_title"": {""title"": ""Short Title"", ""description"": ""the short name of the specific product, e.g. nescafe classic"", ""type"": ""string""}, ""description"": {""title"": ""Description"", ""description"": ""one sentence that best describe the product"", ""type"": ""string""}, ""rank"": {""title"": ""Rank"", ""description"": ""the integer rank of this product out of all products"", ""type"": ""integer""}, ""urls"": {""title"": ""Urls"", ""description"": ""All the referenced URLs of a blog where this product is recommended as part of a top coffee list."", ""type"": ""array"", ""items"": {""type"": ""string""}}}, ""required"": [""brand"", ""long_title"", ""short_title"", ""description"", ""rank"", ""urls""]}}}
```",2025-04-21 15:21,,,,,,,,,,,,,,,,,,,,,,,,,,,,,,,,,,,,,,,,,,,,,,,,,,,,,,,,,,,,,,,,,,,,,,,,,,,,,,,,1.0,1.0,1.0,1.0,1.0,1.0,1.0,1.0,1.0,1.0,1.0,1.0,1.0,1.0,1.0,1.0,1.0,1.0,1.0,1.0,1.0,1.0,1.0,23,1.0,0.23,8.75,1
19,Just Us!,Just Us! Fair Trade Organic Instant Coffee,Just Us! Instant Coffee,A fair trade and organic instant coffee produced by a Canadian cooperative.,['https://en.wikipedia.org/wiki/Just_Us%21'],Instant Coffee,,"Top Ten recommended Instant Coffee in Canada. The output should be formatted as a JSON instance that conforms to the JSON schema below.

As an example, for the schema {""properties"": {""foo"": {""title"": ""Foo"", ""description"": ""a list of strings"", ""type"": ""array"", ""items"": {""type"": ""string""}}}, ""required"": [""foo""]}
the object {""foo"": [""bar"", ""baz""]} is a well-formatted instance of the schema. The object {""properties"": {""foo"": [""bar"", ""baz""]}} is not well-formatted.

Here is the output schema:
```
{""properties"": {""products"": {""title"": ""Products"", ""default"": ""A list of product as the search result."", ""type"": ""array"", ""items"": {""$ref"": ""#/definitions/Product""}}}, ""definitions"": {""Product"": {""title"": ""Product"", ""type"": ""object"", ""properties"": {""brand"": {""title"": ""Brand"", ""description"": ""the brand of the specific product, e.g. nestle"", ""type"": ""string""}, ""long_title"": {""title"": ""Long Title"", ""description"": ""the long name of the specific product, e.g. nescafe classic instant coffee"", ""type"": ""string""}, ""short_title"": {""title"": ""Short Title"", ""description"": ""the short name of the specific product, e.g. nescafe classic"", ""type"": ""string""}, ""description"": {""title"": ""Description"", ""description"": ""one sentence that best describe the product"", ""type"": ""string""}, ""rank"": {""title"": ""Rank"", ""description"": ""the integer rank of this product out of all products"", ""type"": ""integer""}, ""urls"": {""title"": ""Urls"", ""description"": ""All the referenced URLs of a blog where this product is recommended as part of a top coffee list."", ""type"": ""array"", ""items"": {""type"": ""string""}}}, ""required"": [""brand"", ""long_title"", ""short_title"", ""description"", ""rank"", ""urls""]}}}
```",2025-04-21 15:21,,,,,,,,,,,,,,,,,,,,,,,,,,,,,,,,,,,,,,,,,,,,,,,,,,,,,,,,,,,,,,,,,,,,,,,,,,,,,,,,4.0,5.0,4.0,4.0,4.0,4.0,4.0,5.0,,5.0,6.0,6.0,6.0,5.0,5.0,5.0,5.0,5.0,,4.0,4.0,4.0,4.0,21,4.67,0.96,9.7,1
20,Folgers,Folgers Classic Roast Instant Coffee,Folgers Classic Roast,A classic instant coffee known for its rich and smooth taste.,['https://en.wikipedia.org/wiki/Folgers'],Instant Coffee,,"Top Ten recommended Instant Coffee in Canada. The output should be formatted as a JSON instance that conforms to the JSON schema below.

As an example, for the schema {""properties"": {""foo"": {""title"": ""Foo"", ""description"": ""a list of strings"", ""type"": ""array"", ""items"": {""type"": ""string""}}}, ""required"": [""foo""]}
the object {""foo"": [""bar"", ""baz""]} is a well-formatted instance of the schema. The object {""properties"": {""foo"": [""bar"", ""baz""]}} is not well-formatted.

Here is the output schema:
```
{""properties"": {""products"": {""title"": ""Products"", ""default"": ""A list of product as the search result."", ""type"": ""array"", ""items"": {""$ref"": ""#/definitions/Product""}}}, ""definitions"": {""Product"": {""title"": ""Product"", ""type"": ""object"", ""properties"": {""brand"": {""title"": ""Brand"", ""description"": ""the brand of the specific product, e.g. nestle"", ""type"": ""string""}, ""long_title"": {""title"": ""Long Title"", ""description"": ""the long name of the specific product, e.g. nescafe classic instant coffee"", ""type"": ""string""}, ""short_title"": {""title"": ""Short Title"", ""description"": ""the short name of the specific product, e.g. nescafe classic"", ""type"": ""string""}, ""description"": {""title"": ""Description"", ""description"": ""one sentence that best describe the product"", ""type"": ""string""}, ""rank"": {""title"": ""Rank"", ""description"": ""the integer rank of this product out of all products"", ""type"": ""integer""}, ""urls"": {""title"": ""Urls"", ""description"": ""All the referenced URLs of a blog where this product is recommended as part of a top coffee list."", ""type"": ""array"", ""items"": {""type"": ""string""}}}, ""required"": [""brand"", ""long_title"", ""short_title"", ""description"", ""rank"", ""urls""]}}}
```",2025-04-21 15:22,,,,,,,,,,,,,,,,,,,,,,,,,,,,,,,,,,,,,,,,,,,,,,,,,,,,,,,,,,,,,,,,,,,,,,,,,,,,,,,,,3.0,,,,,,3.0,4.0,3.0,,,,3.0,3.0,3.0,3.0,3.0,4.0,,,,,10,3.2,0.31,10.24,1
22,Nabob,"Nabob Café Crema Coffee Single Serve T-Discs, 110g",Nabob Café Crema T-Discs,"Single-serve T-Discs offering a rich and creamy coffee experience, compatible with Tassimo brewers.","['https://www.amazon.ca/Best-Sellers-Instant-Coffee/zgbs/grocery/7351106011', 'https://en.wikipedia.org/wiki/Nabob_%28coffee%29']",Instant Coffee,,"Top Ten recommended Instant Coffee in Canada. The output should be formatted as a JSON instance that conforms to the JSON schema below.

As an example, for the schema {""properties"": {""foo"": {""title"": ""Foo"", ""description"": ""a list of strings"", ""type"": ""array"", ""items"": {""type"": ""string""}}}, ""required"": [""foo""]}
the object {""foo"": [""bar"", ""baz""]} is a well-formatted instance of the schema. The object {""properties"": {""foo"": [""bar"", ""baz""]}} is not well-formatted.

Here is the output schema:
```
{""properties"": {""products"": {""title"": ""Products"", ""default"": ""A list of product as the search result."", ""type"": ""array"", ""items"": {""$ref"": ""#/definitions/Product""}}}, ""definitions"": {""Product"": {""title"": ""Product"", ""type"": ""object"", ""properties"": {""brand"": {""title"": ""Brand"", ""description"": ""the brand of the specific product, e.g. nestle"", ""type"": ""string""}, ""long_title"": {""title"": ""Long Title"", ""description"": ""the long name of the specific product, e.g. nescafe classic instant coffee"", ""type"": ""string""}, ""short_title"": {""title"": ""Short Title"", ""description"": ""the short name of the specific product, e.g. nescafe classic"", ""type"": ""string""}, ""description"": {""title"": ""Description"", ""description"": ""one sentence that best describe the product"", ""type"": ""string""}, ""rank"": {""title"": ""Rank"", ""description"": ""the integer rank of this product out of all products"", ""type"": ""integer""}, ""urls"": {""title"": ""Urls"", ""description"": ""All the referenced URLs of a blog where this product is recommended as part of a top coffee list."", ""type"": ""array"", ""items"": {""type"": ""string""}}}, ""required"": [""brand"", ""long_title"", ""short_title"", ""description"", ""rank"", ""urls""]}}}
```",2025-04-21 15:23,,,,,,,,,,,,,,,,,,,,,,,,,,,,,,,,,10.0,,,,,,,,,,,,,,,,,,,,,10.0,,,,,,,,,,,,,,,,,10.0,,,,,,,,,,,,,,,,,,,,,,,,,,,,,,,,3,10.0,0.29,10.97,2
23,Starbucks,Starbucks VIA Instant Coffee,Starbucks VIA,"A premium instant coffee that delivers the rich, full-bodied flavor of Starbucks in an instant.",[],Instant Coffee,,"Top Ten recommended Instant Coffee in Canada. The output should be formatted as a JSON instance that conforms to the JSON schema below.

As an example, for the schema {""properties"": {""foo"": {""title"": ""Foo"", ""description"": ""a list of strings"", ""type"": ""array"", ""items"": {""type"": ""string""}}}, ""required"": [""foo""]}
the object {""foo"": [""bar"", ""baz""]} is a well-formatted instance of the schema. The object {""properties"": {""foo"": [""bar"", ""baz""]}} is not well-formatted.

Here is the output schema:
```
{""properties"": {""products"": {""title"": ""Products"", ""default"": ""A list of product as the search result."", ""type"": ""array"", ""items"": {""$ref"": ""#/definitions/Product""}}}, ""definitions"": {""Product"": {""title"": ""Product"", ""type"": ""object"", ""properties"": {""brand"": {""title"": ""Brand"", ""description"": ""the brand of the specific product, e.g. nestle"", ""type"": ""string""}, ""long_title"": {""title"": ""Long Title"", ""description"": ""the long name of the specific product, e.g. nescafe classic instant coffee"", ""type"": ""string""}, ""short_title"": {""title"": ""Short Title"", ""description"": ""the short name of the specific product, e.g. nescafe classic"", ""type"": ""string""}, ""description"": {""title"": ""Description"", ""description"": ""one sentence that best describe the product"", ""type"": ""string""}, ""rank"": {""title"": ""Rank"", ""description"": ""the integer rank of this product out of all products"", ""type"": ""integer""}, ""urls"": {""title"": ""Urls"", ""description"": ""All the referenced URLs of a blog where this product is recommended as part of a top coffee list."", ""type"": ""array"", ""items"": {""type"": ""string""}}}, ""required"": [""brand"", ""long_title"", ""short_title"", ""description"", ""rank"", ""urls""]}}}
```",2025-04-21 15:24,,,,,,,,,,,,,,,,,,,,,,,,,,,,,,,,,,,,,,,,,,,,,,,,,,,,,,,,,,,,,,,,,,,,,,,,,,,,,,,,,,,,,,,,2.0,,,,,,,,,,2.0,,,,,2,2.0,0.04,10.82,0
24,Mount Hagen,Mount Hagen Organic Fair Trade Instant Coffee,Mount Hagen Organic,"An organic, fair-trade instant coffee known for its smooth and mild flavor.",[https://cornercoffeestore.com/best-instant-coffees-canada/],Instant Coffee,,"Top Ten recommended Instant Coffee in Canada. The output should be formatted as a JSON instance that conforms to the JSON schema below.

As an example, for the schema {""properties"": {""foo"": {""title"": ""Foo"", ""description"": ""a list of strings"", ""type"": ""array"", ""items"": {""type"": ""string""}}}, ""required"": [""foo""]}
the object {""foo"": [""bar"", ""baz""]} is a well-formatted instance of the schema. The object {""properties"": {""foo"": [""bar"", ""baz""]}} is not well-formatted.

Here is the output schema:
```
{""properties"": {""products"": {""title"": ""Products"", ""default"": ""A list of product as the search result."", ""type"": ""array"", ""items"": {""$ref"": ""#/definitions/Product""}}}, ""definitions"": {""Product"": {""title"": ""Product"", ""type"": ""object"", ""properties"": {""brand"": {""title"": ""Brand"", ""description"": ""the brand of the specific product, e.g. nestle"", ""type"": ""string""}, ""long_title"": {""title"": ""Long Title"", ""description"": ""the long name of the specific product, e.g. nescafe classic instant coffee"", ""type"": ""string""}, ""short_title"": {""title"": ""Short Title"", ""description"": ""the short name of the specific product, e.g. nescafe classic"", ""type"": ""string""}, ""description"": {""title"": ""Description"", ""description"": ""one sentence that best describe the product"", ""type"": ""string""}, ""rank"": {""title"": ""Rank"", ""description"": ""the integer rank of this product out of all products"", ""type"": ""integer""}, ""urls"": {""title"": ""Urls"", ""description"": ""All the referenced URLs of a blog where this product is recommended as part of a top coffee list."", ""type"": ""array"", ""items"": {""type"": ""string""}}}, ""required"": [""brand"", ""long_title"", ""short_title"", ""description"", ""rank"", ""urls""]}}}
```",2025-04-21 15:24,,,,,,,,,,,,,,,,,,,,,,,,,,,,,,,,,,,,,,,,,,,,,,,,,,,,,,,,,,,,,,,,,,,,,,,,,,,,,,,,,,,,,,,,3.0,,,,,,,,,3.0,,,,,,2,3.0,0.06,10.84,0
25,Taster's Choice,Nescafé Taster's Choice House Blend Instant Coffee,Taster's Choice House Blend,A smooth and mild instant coffee made from 100% pure premium coffee beans.,[],Instant Coffee,,"Top Ten recommended Instant Coffee in Canada. The output should be formatted as a JSON instance that conforms to the JSON schema below.

As an example, for the schema {""properties"": {""foo"": {""title"": ""Foo"", ""description"": ""a list of strings"", ""type"": ""array"", ""items"": {""type"": ""string""}}}, ""required"": [""foo""]}
the object {""foo"": [""bar"", ""baz""]} is a well-formatted instance of the schema. The object {""properties"": {""foo"": [""bar"", ""baz""]}} is not well-formatted.

Here is the output schema:
```
{""properties"": {""products"": {""title"": ""Products"", ""default"": ""A list of product as the search result."", ""type"": ""array"", ""items"": {""$ref"": ""#/definitions/Product""}}}, ""definitions"": {""Product"": {""title"": ""Product"", ""type"": ""object"", ""properties"": {""brand"": {""title"": ""Brand"", ""description"": ""the brand of the specific product, e.g. nestle"", ""type"": ""string""}, ""long_title"": {""title"": ""Long Title"", ""description"": ""the long name of the specific product, e.g. nescafe classic instant coffee"", ""type"": ""string""}, ""short_title"": {""title"": ""Short Title"", ""description"": ""the short name of the specific product, e.g. nescafe classic"", ""type"": ""string""}, ""description"": {""title"": ""Description"", ""description"": ""one sentence that best describe the product"", ""type"": ""string""}, ""rank"": {""title"": ""Rank"", ""description"": ""the integer rank of this product out of all products"", ""type"": ""integer""}, ""urls"": {""title"": ""Urls"", ""description"": ""All the referenced URLs of a blog where this product is recommended as part of a top coffee list."", ""type"": ""array"", ""items"": {""type"": ""string""}}}, ""required"": [""brand"", ""long_title"", ""short_title"", ""description"", ""rank"", ""urls""]}}}
```",2025-04-21 15:24,,,,,,,,,,,,,,,,,,,,,,,,,,,,,,,,,,,,,,,,,,,,,,,,,,,,,,,,,,,,,,,,,,,,,,,,,,,,,,,,,,,,,,,,6.0,,,,,,,,,,6.0,,,,,2,6.0,0.12,10.9,0
26,Douwe Egberts,Douwe Egberts Pure Gold Instant Coffee,Douwe Egberts Pure Gold,"A premium instant coffee with a smooth, well-balanced flavor and a rich aroma.",[],Instant Coffee,,"Top Ten recommended Instant Coffee in Canada. The output should be formatted as a JSON instance that conforms to the JSON schema below.

As an example, for the schema {""properties"": {""foo"": {""title"": ""Foo"", ""description"": ""a list of strings"", ""type"": ""array"", ""items"": {""type"": ""string""}}}, ""required"": [""foo""]}
the object {""foo"": [""bar"", ""baz""]} is a well-formatted instance of the schema. The object {""properties"": {""foo"": [""bar"", ""baz""]}} is not well-formatted.

Here is the output schema:
```
{""properties"": {""products"": {""title"": ""Products"", ""default"": ""A list of product as the search result."", ""type"": ""array"", ""items"": {""$ref"": ""#/definitions/Product""}}}, ""definitions"": {""Product"": {""title"": ""Product"", ""type"": ""object"", ""properties"": {""brand"": {""title"": ""Brand"", ""description"": ""the brand of the specific product, e.g. nestle"", ""type"": ""string""}, ""long_title"": {""title"": ""Long Title"", ""description"": ""the long name of the specific product, e.g. nescafe classic instant coffee"", ""type"": ""string""}, ""short_title"": {""title"": ""Short Title"", ""description"": ""the short name of the specific product, e.g. nescafe classic"", ""type"": ""string""}, ""description"": {""title"": ""Description"", ""description"": ""one sentence that best describe the product"", ""type"": ""string""}, ""rank"": {""title"": ""Rank"", ""description"": ""the integer rank of this product out of all products"", ""type"": ""integer""}, ""urls"": {""title"": ""Urls"", ""description"": ""All the referenced URLs of a blog where this product is recommended as part of a top coffee list."", ""type"": ""array"", ""items"": {""type"": ""string""}}}, ""required"": [""brand"", ""long_title"", ""short_title"", ""description"", ""rank"", ""urls""]}}}
```",2025-04-21 15:24,,,,,,,,,,,,,,,,,,,,,,,,,,,,,,,,,,,,,,,,,,,,,,,,,,,,,,,,,,,,,,,,,,,,,,,,,,,,,,,,,,,,,,,,7.0,,,,,,,,,,7.0,,,,,2,7.0,0.14,10.92,0
27,Kenco,Kenco Smooth Instant Coffee,Kenco Smooth,A smooth and aromatic instant coffee made from high-quality beans.,[],Instant Coffee,,"Top Ten recommended Instant Coffee in Canada. The output should be formatted as a JSON instance that conforms to the JSON schema below.

As an example, for the schema {""properties"": {""foo"": {""title"": ""Foo"", ""description"": ""a list of strings"", ""type"": ""array"", ""items"": {""type"": ""string""}}}, ""required"": [""foo""]}
the object {""foo"": [""bar"", ""baz""]} is a well-formatted instance of the schema. The object {""properties"": {""foo"": [""bar"", ""baz""]}} is not well-formatted.

Here is the output schema:
```
{""properties"": {""products"": {""title"": ""Products"", ""default"": ""A list of product as the search result."", ""type"": ""array"", ""items"": {""$ref"": ""#/definitions/Product""}}}, ""definitions"": {""Product"": {""title"": ""Product"", ""type"": ""object"", ""properties"": {""brand"": {""title"": ""Brand"", ""description"": ""the brand of the specific product, e.g. nestle"", ""type"": ""string""}, ""long_title"": {""title"": ""Long Title"", ""description"": ""the long name of the specific product, e.g. nescafe classic instant coffee"", ""type"": ""string""}, ""short_title"": {""title"": ""Short Title"", ""description"": ""the short name of the specific product, e.g. nescafe classic"", ""type"": ""string""}, ""description"": {""title"": ""Description"", ""description"": ""one sentence that best describe the product"", ""type"": ""string""}, ""rank"": {""title"": ""Rank"", ""description"": ""the integer rank of this product out of all products"", ""type"": ""integer""}, ""urls"": {""title"": ""Urls"", ""description"": ""All the referenced URLs of a blog where this product is recommended as part of a top coffee list."", ""type"": ""array"", ""items"": {""type"": ""string""}}}, ""required"": [""brand"", ""long_title"", ""short_title"", ""description"", ""rank"", ""urls""]}}}
```",2025-04-21 15:24,,,,,,,,,,,,,,,,,,,,,,,,,,,,,,,,,,,,,,,,,,,,,,,,,,,,,,,,,,,,,,,,,,,,,,,,,,,,,,,,,,,,,,,,8.0,,,,,,,,,,8.0,,,,,2,8.0,0.16,10.94,0
28,Jacobs,Jacobs Kronung Instant Coffee,Jacobs Kronung,A German instant coffee known for its rich aroma and smooth taste.,[],Instant Coffee,,"Top Ten recommended Instant Coffee in Canada. The output should be formatted as a JSON instance that conforms to the JSON schema below.

As an example, for the schema {""properties"": {""foo"": {""title"": ""Foo"", ""description"": ""a list of strings"", ""type"": ""array"", ""items"": {""type"": ""string""}}}, ""required"": [""foo""]}
the object {""foo"": [""bar"", ""baz""]} is a well-formatted instance of the schema. The object {""properties"": {""foo"": [""bar"", ""baz""]}} is not well-formatted.

Here is the output schema:
```
{""properties"": {""products"": {""title"": ""Products"", ""default"": ""A list of product as the search result."", ""type"": ""array"", ""items"": {""$ref"": ""#/definitions/Product""}}}, ""definitions"": {""Product"": {""title"": ""Product"", ""type"": ""object"", ""properties"": {""brand"": {""title"": ""Brand"", ""description"": ""the brand of the specific product, e.g. nestle"", ""type"": ""string""}, ""long_title"": {""title"": ""Long Title"", ""description"": ""the long name of the specific product, e.g. nescafe classic instant coffee"", ""type"": ""string""}, ""short_title"": {""title"": ""Short Title"", ""description"": ""the short name of the specific product, e.g. nescafe classic"", ""type"": ""string""}, ""description"": {""title"": ""Description"", ""description"": ""one sentence that best describe the product"", ""type"": ""string""}, ""rank"": {""title"": ""Rank"", ""description"": ""the integer rank of this product out of all products"", ""type"": ""integer""}, ""urls"": {""title"": ""Urls"", ""description"": ""All the referenced URLs of a blog where this product is recommended as part of a top coffee list."", ""type"": ""array"", ""items"": {""type"": ""string""}}}, ""required"": [""brand"", ""long_title"", ""short_title"", ""description"", ""rank"", ""urls""]}}}
```",2025-04-21 15:24,,,,,,,,,,,,,,,,,,,,,,,,,,,,,,,,,,,,,,,,,,,,,,,,,,,,,,,,,,,,,,,,,,,,,,,,,,,,,,,,,,,,,,,,9.0,,,,,,,,,,9.0,,,,,2,9.0,0.18,10.96,0
29,Lavazza,Lavazza Prontissimo! Intenso Instant Coffee,Lavazza Prontissimo! Intenso,An Italian instant coffee offering a rich and full-bodied flavor with notes of caramel.,[],Instant Coffee,,"Top Ten recommended Instant Coffee in Canada. The output should be formatted as a JSON instance that conforms to the JSON schema below.

As an example, for the schema {""properties"": {""foo"": {""title"": ""Foo"", ""description"": ""a list of strings"", ""type"": ""array"", ""items"": {""type"": ""string""}}}, ""required"": [""foo""]}
the object {""foo"": [""bar"", ""baz""]} is a well-formatted instance of the schema. The object {""properties"": {""foo"": [""bar"", ""baz""]}} is not well-formatted.

Here is the output schema:
```
{""properties"": {""products"": {""title"": ""Products"", ""default"": ""A list of product as the search result."", ""type"": ""array"", ""items"": {""$ref"": ""#/definitions/Product""}}}, ""definitions"": {""Product"": {""title"": ""Product"", ""type"": ""object"", ""properties"": {""brand"": {""title"": ""Brand"", ""description"": ""the brand of the specific product, e.g. nestle"", ""type"": ""string""}, ""long_title"": {""title"": ""Long Title"", ""description"": ""the long name of the specific product, e.g. nescafe classic instant coffee"", ""type"": ""string""}, ""short_title"": {""title"": ""Short Title"", ""description"": ""the short name of the specific product, e.g. nescafe classic"", ""type"": ""string""}, ""description"": {""title"": ""Description"", ""description"": ""one sentence that best describe the product"", ""type"": ""string""}, ""rank"": {""title"": ""Rank"", ""description"": ""the integer rank of this product out of all products"", ""type"": ""integer""}, ""urls"": {""title"": ""Urls"", ""description"": ""All the referenced URLs of a blog where this product is recommended as part of a top coffee list."", ""type"": ""array"", ""items"": {""type"": ""string""}}}, ""required"": [""brand"", ""long_title"", ""short_title"", ""description"", ""rank"", ""urls""]}}}
```",2025-04-21 15:24,,,,,,,,,,,,,,,,,,,,,,,,,,,,,,,,,,,,,,,,,,,,,,,,,,,,,,,,,,,,,,,,,,,,,,,,,,,,,,,,,,,,,,,,10.0,,,,,,,,,,10.0,,,,,2,10.0,0.2,10.98,0
32,Nescafé,Nescafé Gold Instant Coffee,Nescafé Gold,"A premium instant coffee offering a well-rounded, smooth taste.",['https://en.wikipedia.org/wiki/Nescaf%C3%A9'],Instant Coffee,,"Top Ten recommended Instant Coffee in Canada. The output should be formatted as a JSON instance that conforms to the JSON schema below.

As an example, for the schema {""properties"": {""foo"": {""title"": ""Foo"", ""description"": ""a list of strings"", ""type"": ""array"", ""items"": {""type"": ""string""}}}, ""required"": [""foo""]}
the object {""foo"": [""bar"", ""baz""]} is a well-formatted instance of the schema. The object {""properties"": {""foo"": [""bar"", ""baz""]}} is not well-formatted.

Here is the output schema:
```
{""properties"": {""products"": {""title"": ""Products"", ""default"": ""A list of product as the search result."", ""type"": ""array"", ""items"": {""$ref"": ""#/definitions/Product""}}}, ""definitions"": {""Product"": {""title"": ""Product"", ""type"": ""object"", ""properties"": {""brand"": {""title"": ""Brand"", ""description"": ""the brand of the specific product, e.g. nestle"", ""type"": ""string""}, ""long_title"": {""title"": ""Long Title"", ""description"": ""the long name of the specific product, e.g. nescafe classic instant coffee"", ""type"": ""string""}, ""short_title"": {""title"": ""Short Title"", ""description"": ""the short name of the specific product, e.g. nescafe classic"", ""type"": ""string""}, ""description"": {""title"": ""Description"", ""description"": ""one sentence that best describe the product"", ""type"": ""string""}, ""rank"": {""title"": ""Rank"", ""description"": ""the integer rank of this product out of all products"", ""type"": ""integer""}, ""urls"": {""title"": ""Urls"", ""description"": ""All the referenced URLs of a blog where this product is recommended as part of a top coffee list."", ""type"": ""array"", ""items"": {""type"": ""string""}}}, ""required"": [""brand"", ""long_title"", ""short_title"", ""description"", ""rank"", ""urls""]}}}
```",2025-04-21 15:25,,,,,,,,,,,,,,,,,,,,,,,,,,,,,,,,,,,,,,,,,,,,,,,,,,,,,,,,,,,,,,,,,,,,,,,,,,,,,,,,,,,,,,,,,,2.0,2.0,2.0,,,,,,,,,,,3,2.0,0.06,10.74,1
33,Nabob,Nabob Breakfast Blend Instant Coffee,Nabob Breakfast Blend,A light-bodied instant coffee perfect for starting the day.,['https://en.wikipedia.org/wiki/Nabob_%28coffee%29'],Instant Coffee,,"Top Ten recommended Instant Coffee in Canada. The output should be formatted as a JSON instance that conforms to the JSON schema below.

As an example, for the schema {""properties"": {""foo"": {""title"": ""Foo"", ""description"": ""a list of strings"", ""type"": ""array"", ""items"": {""type"": ""string""}}}, ""required"": [""foo""]}
the object {""foo"": [""bar"", ""baz""]} is a well-formatted instance of the schema. The object {""properties"": {""foo"": [""bar"", ""baz""]}} is not well-formatted.

Here is the output schema:
```
{""properties"": {""products"": {""title"": ""Products"", ""default"": ""A list of product as the search result."", ""type"": ""array"", ""items"": {""$ref"": ""#/definitions/Product""}}}, ""definitions"": {""Product"": {""title"": ""Product"", ""type"": ""object"", ""properties"": {""brand"": {""title"": ""Brand"", ""description"": ""the brand of the specific product, e.g. nestle"", ""type"": ""string""}, ""long_title"": {""title"": ""Long Title"", ""description"": ""the long name of the specific product, e.g. nescafe classic instant coffee"", ""type"": ""string""}, ""short_title"": {""title"": ""Short Title"", ""description"": ""the short name of the specific product, e.g. nescafe classic"", ""type"": ""string""}, ""description"": {""title"": ""Description"", ""description"": ""one sentence that best describe the product"", ""type"": ""string""}, ""rank"": {""title"": ""Rank"", ""description"": ""the integer rank of this product out of all products"", ""type"": ""integer""}, ""urls"": {""title"": ""Urls"", ""description"": ""All the referenced URLs of a blog where this product is recommended as part of a top coffee list."", ""type"": ""array"", ""items"": {""type"": ""string""}}}, ""required"": [""brand"", ""long_title"", ""short_title"", ""description"", ""rank"", ""urls""]}}}
```",2025-04-21 15:25,,,,,,,,,,,,,,,,,,,,,,,,,,,,,,,,,,,,,,,,,,,,,,,,,,,,,,,,,,,,,,,,10.0,10.0,10.0,,,,,,,,,,,,,,,,,,,,,,,,5.0,5.0,5.0,,,,,,,,,,,6,7.5,0.44,10.79,1
